[
    {
        "user_id": "2",
        "user_url": "http:\/\/localhost\/moodle",
        "user_name": "Test User",
        "context_lang": "",
        "context_platform": "Moodle",
        "context_info": {
            "https://moodle.org/": "1.0.0",
            "https://github.com/LearningLocker/Moodle-Log-Expander": "1.0.0",
            "https://github.com/LearningLocker/Moodle-xAPI-Translator": "1.0.0"
        },
        "context_ext": {
            "eventname": "\\mod_assign\\event\\submission_graded",
            "component": "mod_assign",
            "action": "graded",
            "target": "submission",
            "objecttable": "assign_grades",
            "objectid": 8,
            "crud": "u",
            "edulevel": 1,
            "contextid": 53,
            "contextlevel": 70,
            "contextinstanceid": "13",
            "userid": "2",
            "courseid": "2",
            "relateduserid": "2",
            "anonymous": 0,
            "other": "N;",
            "timecreated": 1434624956,
            "origin": "web",
            "ip": "127.0.0.1",
            "realuserid": null
        },
        "context_ext_key": "http:\/\/lrs.learninglocker.net\/define\/extensions\/moodle_logstore_standard_log",
        "time": "2015-06-18T11:55:56+01:00",
        "recipe": "assignment_graded",
        "course_url": "http:\/\/localhost\/moodle\/course.php?id=2",
        "course_name": "My Test Course 1",
        "course_description": "<p>A test course.<\/p>",
        "course_type": "mod_course",
        "course_ext": {
            "id": "2",
            "category": "1",
            "sortorder": "10002",
            "fullname": "My Test Course 1",
            "shortname": "MTC1",
            "idnumber": "MTC1",
            "summary": "<p>A test course.<\/p>",
            "summaryformat": "1",
            "format": "weeks",
            "showgrades": "1",
            "newsitems": "5",
            "startdate": "1433890800",
            "marker": "0",
            "maxbytes": "0",
            "legacyfiles": "0",
            "showreports": "0",
            "visible": "1",
            "visibleold": "1",
            "groupmode": "0",
            "groupmodeforce": "0",
            "defaultgroupingid": "0",
            "lang": "",
            "calendartype": "",
            "theme": "",
            "timecreated": "1433844784",
            "timemodified": "1433844784",
            "requested": "0",
            "enablecompletion": "0",
            "completionnotify": "0",
            "cacherev": "1434624897",
            "url": "http:\/\/localhost\/moodle\/course.php?id=2",
            "type": "mod_course"
        },
        "course_ext_key": "http:\/\/lrs.learninglocker.net\/define\/extensions\/moodle_course",
        "module_url": "http:\/\/localhost\/moodle\/mod\/assign\/view.php?id=13",
        "module_name": "My Test Assignment 3",
        "module_description": "A module",
        "module_type": "mod_assign",
        "module_ext": {
            "id": "6",
            "course": "2",
            "name": "My Test Assignment 3",
            "intro": "",
            "introformat": "1",
            "alwaysshowdescription": "1",
            "nosubmissions": "0",
            "submissiondrafts": "0",
            "sendnotifications": "0",
            "sendlatenotifications": "0",
            "duedate": "1435186800",
            "allowsubmissionsfromdate": "1434582000",
            "grade": "100",
            "timemodified": "1434617027",
            "requiresubmissionstatement": "0",
            "completionsubmit": "0",
            "cutoffdate": "0",
            "teamsubmission": "0",
            "requireallteammemberssubmit": "0",
            "teamsubmissiongroupingid": "0",
            "blindmarking": "0",
            "revealidentities": "0",
            "attemptreopenmethod": "none",
            "maxattempts": "-1",
            "markingworkflow": "0",
            "markingallocation": "0",
            "sendstudentnotifications": "1",
            "preventsubmissionnotingroup": "0",
            "url": "http:\/\/localhost\/moodle\/mod\/assign\/view.php?id=13",
            "type": "mod_assign"
        },
        "module_ext_key": "http:\/\/lrs.learninglocker.net\/define\/extensions\/moodle_module",
        "graded_user_id": "2",
        "graded_user_url": "http:\/\/localhost\/moodle",
        "graded_user_name": "testuser",
        "grade_comment": "test comment",
        "grade_score_raw": 5,
        "grade_score_min": 0,
        "grade_score_max": 5,
        "grade_score_scaled": 1,
        "grade_success": true,
        "grade_completed": true,
        "source_url": "http:\/\/moodle.org",
        "source_name": "Moodle",
        "source_description": "Moodle is a open source learning platform designed to provide educators, administrators and learners with a single robust, secure and integrated system to create personalised learning environments.",
        "source_type":"http:\/\/id.tincanapi.com\/activitytype\/source",
        "app_url": "http:\/\/localhost\/moodle",
        "app_name": "My Test Site",
        "app_description": "A test site.",
        "app_type":"http:\/\/id.tincanapi.com\/activitytype\/site",
        "app_ext": {
            "id": "1",
            "category": "0",
            "sortorder": "10002",
            "fullname": "My Test Site",
            "shortname": "MTC1",
            "idnumber": "MTC1",
            "summary": "<p>A test site.<\/p>",
            "summaryformat": "1",
            "format": "weeks",
            "showgrades": "1",
            "newsitems": "5",
            "startdate": "1433890800",
            "marker": "0",
            "maxbytes": "0",
            "legacyfiles": "0",
            "showreports": "0",
            "visible": "1",
            "visibleold": "1",
            "groupmode": "0",
            "groupmodeforce": "0",
            "defaultgroupingid": "0",
            "lang": "",
            "calendartype": "",
            "theme": "",
            "timecreated": "1433844784",
            "timemodified": "1433844784",
            "requested": "0",
            "enablecompletion": "0",
            "completionnotify": "0",
            "cacherev": "1434624170",
            "url": "http:\/\/localhost\/moodle\/course.php?id=1",
            "type": "mod_course"
        },
        "app_ext_key": "http:\/\/lrs.learninglocker.net\/define\/extensions\/moodle_course"
    }
]
