[
    {
        "user_id": "2",
        "user_url": "http:\/\/localhost\/moodle",
        "user_name": "Test User",
        "context_lang": "",
        "context_platform": "Moodle",
        "context_info": {
            "https://moodle.org/": "1.0.0",
            "https://github.com/LearningLocker/Moodle-Log-Expander": "1.0.0",
            "https://github.com/LearningLocker/Moodle-xAPI-Translator": "1.0.0"
        },
        "context_ext": {
            "eventname": "\\mod_quiz\\event\\attempt_preview_started",
            "component": "mod_quiz",
            "action": "started",
            "target": "attempt_preview",
            "objecttable": "quiz_attempts",
            "objectid": 52,
            "crud": "r",
            "edulevel": 1,
            "contextid": 31,
            "contextlevel": 70,
            "contextinstanceid": "3",
            "userid": "2",
            "courseid": "2",
            "relateduserid": "2",
            "anonymous": 0,
            "other": "a:1:{s:6:\"quizid\";s:1:\"1\";}",
            "timecreated": 1434624789,
            "origin": "web",
            "ip": "127.0.0.1",
            "realuserid": null
        },
        "context_ext_key": "http:\/\/lrs.learninglocker.net\/define\/extensions\/moodle_logstore_standard_log",
        "time": "2015-06-18T11:53:09+01:00",
        "recipe": "attempt_abandoned",
        "course_url": "http:\/\/localhost\/moodle\/course.php?id=2",
        "course_name": "My Test Course 1",
        "course_description": "<p>A test course.<\/p>",
        "course_type": "mod_course",
        "course_ext": {
            "id": "2",
            "category": "1",
            "sortorder": "10002",
            "fullname": "My Test Course 1",
            "shortname": "MTC1",
            "idnumber": "MTC1",
            "summary": "<p>A test course.<\/p>",
            "summaryformat": "1",
            "format": "weeks",
            "showgrades": "1",
            "newsitems": "5",
            "startdate": "1433890800",
            "marker": "0",
            "maxbytes": "0",
            "legacyfiles": "0",
            "showreports": "0",
            "visible": "1",
            "visibleold": "1",
            "groupmode": "0",
            "groupmodeforce": "0",
            "defaultgroupingid": "0",
            "lang": "",
            "calendartype": "",
            "theme": "",
            "timecreated": "1433844784",
            "timemodified": "1433844784",
            "requested": "0",
            "enablecompletion": "0",
            "completionnotify": "0",
            "cacherev": "1434624170",
            "url": "http:\/\/localhost\/moodle\/course.php?id=2",
            "type": "mod_course"
        },
        "course_ext_key": "http:\/\/lrs.learninglocker.net\/define\/extensions\/moodle_course",
        "module_url": "http:\/\/localhost\/moodle\/mod\/quiz\/view.php?id=3",
        "module_name": "My Test Quiz 1",
        "module_description": "A module",
        "module_type": "mod_quiz",
        "module_ext": {
            "id": "1",
            "course": "2",
            "name": "My Test Quiz 1",
            "intro": "",
            "introformat": "1",
            "timeopen": "0",
            "timeclose": "0",
            "timelimit": "0",
            "overduehandling": "autosubmit",
            "graceperiod": "0",
            "preferredbehaviour": "deferredfeedback",
            "canredoquestions": "0",
            "attempts": "0",
            "attemptonlast": "0",
            "grademethod": "1",
            "decimalpoints": "2",
            "questiondecimalpoints": "-1",
            "reviewattempt": "69904",
            "reviewcorrectness": "4368",
            "reviewmarks": "4368",
            "reviewspecificfeedback": "4368",
            "reviewgeneralfeedback": "4368",
            "reviewrightanswer": "4368",
            "reviewoverallfeedback": "4368",
            "questionsperpage": "0",
            "navmethod": "free",
            "shuffleanswers": "1",
            "sumgrades": "1.00000",
            "grade": "1.00000",
            "timecreated": "0",
            "timemodified": "1433861865",
            "password": "",
            "subnet": "",
            "browsersecurity": "-",
            "delay1": "0",
            "delay2": "0",
            "showuserpicture": "0",
            "showblocks": "0",
            "completionattemptsexhausted": "0",
            "completionpass": "0",
            "url": "http:\/\/localhost\/moodle\/mod\/quiz\/view.php?id=3",
            "type": "mod_quiz"
        },
        "module_ext_key": "http:\/\/lrs.learninglocker.net\/define\/extensions\/moodle_module",
        "attempt_url": "http:\/\/localhost\/moodle\/mod\/quiz\/attempt.php?attempt=52",
        "attempt_ext": {
            "id": "52",
            "quiz": "1",
            "userid": "2",
            "attempt": "1",
            "uniqueid": "52",
            "layout": "1,0",
            "currentpage": "0",
            "preview": "1",
            "state": "inprogress",
            "timestart": "1434624788",
            "timefinish": "0",
            "timemodified": "1434624788",
            "timecheckstate": null,
            "sumgrades": null,
            "url": "http:\/\/localhost\/moodle\/mod\/quiz\/attempt.php?attempt=52",
            "name": "Attempt 52",
            "type": "mod_attempt"
        },
        "attempt_ext_key": "http:\/\/lrs.learninglocker.net\/define\/extensions\/moodle_attempt",
        "attempt_name": "Attempt 52",
        "attempt_score_raw": 0,
        "attempt_score_min": 0,
        "attempt_score_max": 5,
        "attempt_score_scaled": 1,
        "attempt_success": false,
        "attempt_completed": false,
        "attempt_duration": "PT99S",
        "source_url": "http:\/\/moodle.org",
        "source_name": "Moodle",
        "source_description": "Moodle is a open source learning platform designed to provide educators, administrators and learners with a single robust, secure and integrated system to create personalised learning environments.",
        "source_type":"http:\/\/id.tincanapi.com\/activitytype\/source",
        "app_url": "http:\/\/localhost\/moodle",
        "app_name": "My Test Site",
        "app_description": "A test site.",
        "app_type":"http:\/\/id.tincanapi.com\/activitytype\/site",
        "app_ext": {
            "id": "1",
            "category": "0",
            "sortorder": "10002",
            "fullname": "My Test Site",
            "shortname": "MTC1",
            "idnumber": "MTC1",
            "summary": "<p>A test site.<\/p>",
            "summaryformat": "1",
            "format": "weeks",
            "showgrades": "1",
            "newsitems": "5",
            "startdate": "1433890800",
            "marker": "0",
            "maxbytes": "0",
            "legacyfiles": "0",
            "showreports": "0",
            "visible": "1",
            "visibleold": "1",
            "groupmode": "0",
            "groupmodeforce": "0",
            "defaultgroupingid": "0",
            "lang": "",
            "calendartype": "",
            "theme": "",
            "timecreated": "1433844784",
            "timemodified": "1433844784",
            "requested": "0",
            "enablecompletion": "0",
            "completionnotify": "0",
            "cacherev": "1434624170",
            "url": "http:\/\/localhost\/moodle\/course.php?id=1",
            "type": "mod_course"
        },
        "app_ext_key": "http:\/\/lrs.learninglocker.net\/define\/extensions\/moodle_course"
    }
]
