{
    "user_id": 1,
    "user_url": "http:\/\/www.example.com\/user_url",
    "user_name": "Test user_name",
    "context_lang": "en",
    "context_platform": "Moodle",
    "context_ext": {
        "eventname": "\\core\\event\\course_completed",
        "timecreated": 1433946701
    },
    "context_ext_key": "http:\/\/lrs.learninglocker.net\/define\/extensions\/moodle_logstore_standard_log",
    "context_info": {
        "https:\/\/moodle.org\/": "1.0.0",
        "https:\/\/github.com\/LearningLocker\/Moodle-Log-Expander": "1.0.0",
        "https:\/\/github.com\/LearningLocker\/Moodle-xAPI-Translator": "1.0.0"
    },
    "time": "2015-06-10T14:31:41+00:00",
    "app_url": "http:\/\/www.example.com",
    "app_name": "Test site_fullname",
    "app_description": "Test site_summary",
    "app_type": "http:\/\/id.tincanapi.com\/activitytype\/site",
    "app_ext": {
        "url": "http:\/\/www.example.com",
        "fullname": "Test site_fullname",
        "summary": "<p>Test site_summary<\/p>",
        "lang": "en",
        "type": "moodle_site"
    },
    "app_ext_key": "http:\/\/lrs.learninglocker.net\/define\/extensions\/moodle_course",
    "source_url": "http:\/\/moodle.org",
    "source_name": "Moodle",
    "source_description": "Moodle is a open source learning platform designed to provide educators, administrators and learners with a single robust, secure and integrated system to create personalised learning environments.",
    "source_type": "http:\/\/id.tincanapi.com\/activitytype\/source",
    "recipe": "course_completed",
    "course_url": "http:\/\/www.example.com\/course_url",
    "course_name": "Test course_fullname",
    "course_description": "Test course_summary",
    "course_type": "http:\/\/lrs.learninglocker.net\/define\/type\/moodle\/moodle_course",
    "course_ext": {
        "url": "http:\/\/www.example.com\/course_url",
        "fullname": "Test course_fullname",
        "summary": "<p>Test course_summary<\/p>",
        "lang": "en",
        "type": "moodle_course"
    },
    "course_ext_key": "http:\/\/lrs.learninglocker.net\/define\/extensions\/moodle_course"
}