[
    {
        "user_id": "2",
        "user_url": "http:\/\/localhost\/moodle",
        "user_name": "Test User",
        "context_lang": "",
        "context_platform": "Moodle",
        "context_info": {
            "https://moodle.org/": "1.0.0",
            "https://github.com/LearningLocker/Moodle-Log-Expander": "1.0.0",
            "https://github.com/LearningLocker/Moodle-xAPI-Translator": "1.0.0"
        },
        "context_ext": {
            "eventname": "\\mod_page\\event\\course_module_viewed",
            "component": "mod_page",
            "action": "viewed",
            "target": "course_module",
            "objecttable": "page",
            "objectid": "1",
            "crud": "r",
            "edulevel": 2,
            "contextid": 30,
            "contextlevel": 70,
            "contextinstanceid": "2",
            "userid": "2",
            "courseid": "2",
            "relateduserid": null,
            "anonymous": 0,
            "other": "N;",
            "timecreated": 1434624750,
            "origin": "web",
            "ip": "127.0.0.1",
            "realuserid": null
        },
        "context_ext_key": "http:\/\/lrs.learninglocker.net\/define\/extensions\/moodle_logstore_standard_log",
        "time": "2015-06-18T11:52:30+01:00",
        "recipe": "module_viewed",
        "course_url": "http:\/\/localhost\/moodle\/course.php?id=2",
        "course_name": "My Test Course 1",
        "course_description": "<p>A test course.<\/p>",
        "course_type": "mod_course",
        "course_ext": {
            "id": "2",
            "category": "1",
            "sortorder": "10002",
            "fullname": "My Test Course 1",
            "shortname": "MTC1",
            "idnumber": "MTC1",
            "summary": "<p>A test course.<\/p>",
            "summaryformat": "1",
            "format": "weeks",
            "showgrades": "1",
            "newsitems": "5",
            "startdate": "1433890800",
            "marker": "0",
            "maxbytes": "0",
            "legacyfiles": "0",
            "showreports": "0",
            "visible": "1",
            "visibleold": "1",
            "groupmode": "0",
            "groupmodeforce": "0",
            "defaultgroupingid": "0",
            "lang": "",
            "calendartype": "",
            "theme": "",
            "timecreated": "1433844784",
            "timemodified": "1433844784",
            "requested": "0",
            "enablecompletion": "0",
            "completionnotify": "0",
            "cacherev": "1434624170",
            "url": "http:\/\/localhost\/moodle\/course.php?id=2",
            "type": "mod_course"
        },
        "course_ext_key": "http:\/\/lrs.learninglocker.net\/define\/extensions\/moodle_course",
        "module_url": "http:\/\/localhost\/moodle\/mod\/page\/view.php?id=2",
        "module_name": "My Test Page",
        "module_description": "<p>sdfsdfdfsdf<\/p>",
        "module_type": "mod_page",
        "module_ext": {
            "id": "1",
            "course": "2",
            "name": "My Test Page",
            "intro": "<p>sdfsdfdfsdf<\/p>",
            "introformat": "1",
            "content": "This is a crazy awesome page.",
            "contentformat": "1",
            "legacyfiles": "0",
            "legacyfileslast": null,
            "display": "5",
            "displayoptions": "a:2:{s:12:\"printheading\";s:1:\"1\";s:10:\"printintro\";s:1:\"0\";}",
            "revision": "1",
            "timemodified": "1433859089",
            "url": "http:\/\/localhost\/moodle\/mod\/page\/view.php?id=2",
            "type": "mod_page"
        },
        "module_ext_key": "http:\/\/lrs.learninglocker.net\/define\/extensions\/moodle_module",
        "discussion_url": "http:\/\/localhost\/moodle\/mod\/page\/view.php?id=2",
        "discussion_name": "My Test Page",
        "discussion_description": "<p>sdfsdfdfsdf<\/p>",
        "discussion_type": "mod_discussion",
        "discussion_ext": {
            "id": "1",
            "course": "31",
            "forum": "52",
            "name": "My Forum",
            "firstpost": "1",
            "userid": "2",
            "groupid": "-1",
            "assessed": "0",
            "timemodified": "1435531416",
            "usermodified": "2",
            "timestart": "0",
            "timeend": "0",
            "url": "http://www.example.com/mod/forum/discuss.php?d=1",
            "type": "mod_discussion"
        },
        "discussion_ext_key": "http:\/\/lrs.learninglocker.net\/define\/extensions\/moodle_discussion",
        "source_url": "http:\/\/moodle.org",
        "source_name": "Moodle",
        "source_description": "Moodle is a open source learning platform designed to provide educators, administrators and learners with a single robust, secure and integrated system to create personalised learning environments.",
        "source_type":"http:\/\/id.tincanapi.com\/activitytype\/source",
        "app_url": "http:\/\/localhost\/moodle",
        "app_name": "My Test Site",
        "app_description": "A test site.",
        "app_type":"http:\/\/id.tincanapi.com\/activitytype\/site",
        "app_ext": {
            "id": "1",
            "category": "0",
            "sortorder": "10002",
            "fullname": "My Test Site",
            "shortname": "MTC1",
            "idnumber": "MTC1",
            "summary": "<p>A test site.<\/p>",
            "summaryformat": "1",
            "format": "weeks",
            "showgrades": "1",
            "newsitems": "5",
            "startdate": "1433890800",
            "marker": "0",
            "maxbytes": "0",
            "legacyfiles": "0",
            "showreports": "0",
            "visible": "1",
            "visibleold": "1",
            "groupmode": "0",
            "groupmodeforce": "0",
            "defaultgroupingid": "0",
            "lang": "",
            "calendartype": "",
            "theme": "",
            "timecreated": "1433844784",
            "timemodified": "1433844784",
            "requested": "0",
            "enablecompletion": "0",
            "completionnotify": "0",
            "cacherev": "1434624170",
            "url": "http:\/\/localhost\/moodle\/course.php?id=1",
            "type": "mod_course"
        },
        "app_ext_key": "http:\/\/lrs.learninglocker.net\/define\/extensions\/moodle_course"
    }
]