[{
	"user_id": "2",
	"user_url": "http:\/\/localhost:8888\/moodle",
	"user_name": "Test User",
	"context_lang": "",
	"context_platform": "Moodle",
	"context_ext": {
		"eventname": "\\mod_feedback\\event\\response_submitted",
		"component": "mod_feedback",
		"action": "submitted",
		"target": "response",
		"objecttable": "feedback_completed",
		"objectid": 41,
		"crud": "c",
		"edulevel": 2,
		"contextid": 245,
		"contextlevel": 70,
		"contextinstanceid": "126",
		"userid": "2",
		"courseid": "2",
		"relateduserid": "2",
		"anonymous": 1,
		"other": "a:3:{s:4:\"cmid\";s:3:\"126\";s:10:\"instanceid\";s:1:\"1\";s:9:\"anonymous\";s:1:\"1\";}",
		"timecreated": 1462274030,
		"origin": "web",
		"ip": "0:0:0:0:0:0:0:1",
		"realuserid": null
	},
	"context_ext_key": "http:\/\/lrs.learninglocker.net\/define\/extensions\/moodle_logstore_standard_log",
	"context_info": {
		"https:\/\/moodle.org\/": "3.0+ (Build: 20151126)",
		"https:\/\/github.com\/LearningLocker\/Moodle-Log-Expander": "1.0.0",
		"https:\/\/github.com\/LearningLocker\/Moodle-xAPI-Translator": "1.0.0"
	},
	"time": "2016-05-03T13:13:50+02:00",
	"app_url": "http:\/\/localhost:8888\/moodle",
	"app_name": "test",
	"app_description": "foobar",
	"app_type": "http:\/\/id.tincanapi.com\/activitytype\/site",
	"app_ext": {
		"id": "1",
		"category": "0",
		"sortorder": "1",
		"fullname": "test",
		"shortname": "test",
		"idnumber": "",
		"summary": "<p>foobar<\/p>",
		"summaryformat": "0",
		"format": "site",
		"showgrades": "1",
		"newsitems": "3",
		"startdate": "0",
		"marker": "0",
		"maxbytes": "0",
		"legacyfiles": "0",
		"showreports": "0",
		"visible": "1",
		"visibleold": "1",
		"groupmode": "0",
		"groupmodeforce": "0",
		"defaultgroupingid": "0",
		"lang": "",
		"calendartype": "",
		"theme": "",
		"timecreated": "1419861072",
		"timemodified": "1445596690",
		"requested": "0",
		"enablecompletion": "0",
		"completionnotify": "0",
		"cacherev": "1462208284",
		"type": "site",
		"url": "http:\/\/localhost:8888\/moodle"
	},
	"app_ext_key": "http:\/\/lrs.learninglocker.net\/define\/extensions\/moodle_course",
	"source_url": "http:\/\/moodle.org",
	"source_name": "Moodle",
	"source_description": "Moodle is a open source learning platform designed to provide educators, administrators and learners with a single robust, secure and integrated system to create personalised learning environments.",
	"source_type": "http:\/\/id.tincanapi.com\/activitytype\/source",
	"recipe": "attempt_completed",
	"course_url": "http:\/\/localhost:8888\/moodle\/course\/view.php?id=2",
	"course_name": "Demo Moodle Course",
	"course_description": "A Moodle course",
	"course_type": "http:\/\/lrs.learninglocker.net\/define\/type\/moodle\/course",
	"course_ext": {
		"id": "2",
		"category": "1",
		"sortorder": "10001",
		"fullname": "Demo Moodle Course",
		"shortname": "demo",
		"idnumber": "",
		"summary": "",
		"summaryformat": "1",
		"format": "topics",
		"showgrades": "1",
		"newsitems": "5",
		"startdate": "1419894000",
		"marker": "0",
		"maxbytes": "0",
		"legacyfiles": "0",
		"showreports": "0",
		"visible": "1",
		"visibleold": "1",
		"groupmode": "0",
		"groupmodeforce": "0",
		"defaultgroupingid": "0",
		"lang": "",
		"calendartype": "",
		"theme": "",
		"timecreated": "1419863662",
		"timemodified": "1426169572",
		"requested": "0",
		"enablecompletion": "1",
		"completionnotify": "0",
		"cacherev": "1462208284",
		"type": "course",
		"url": "http:\/\/localhost:8888\/moodle\/course\/view.php?id=2"
	},
	"course_ext_key": "http:\/\/lrs.learninglocker.net\/define\/extensions\/moodle_course",
	"module_url": "http:\/\/localhost:8888\/moodle\/mod\/feedback\/view.php?id=126",
	"module_name": "test evaluation",
	"module_description": "A module",
	"module_type": "http:\/\/lrs.learninglocker.net\/define\/type\/moodle\/feedback",
	"module_ext": {
		"id": "1",
		"course": "2",
		"name": "test evaluation",
		"intro": "",
		"introformat": "1",
		"anonymous": "1",
		"email_notification": "0",
		"multiple_submit": "0",
		"autonumbering": "0",
		"site_after_submit": "",
		"page_after_submit": "",
		"page_after_submitformat": "1",
		"publish_stats": "0",
		"timeopen": "0",
		"timeclose": "0",
		"timemodified": "1458296283",
		"completionsubmit": "0",
		"type": "feedback",
		"url": "http:\/\/localhost:8888\/moodle\/mod\/feedback\/view.php?id=126"
	},
	"module_ext_key": "http:\/\/lrs.learninglocker.net\/define\/extensions\/moodle_module",
	"attempt_url": "http:\/\/localhost:8888\/moodle\/mod\/feedback\/complete.php?id=41",
	"attempt_type": "http:\/\/lrs.learninglocker.net\/define\/type\/moodle\/feedback_completed",
	"attempt_ext": {
		"id": "41",
		"feedback": "1",
		"userid": "2",
		"timemodified": "1462274030",
		"random_response": "0",
		"anonymous_response": "1",
		"type": "feedback_completed",
		"url": "http:\/\/localhost:8888\/moodle\/mod\/feedback\/complete.php?id=41",
		"name": "Attempt 41",
		"responses": {
			"145": {
				"id": "145",
				"course_id": "0",
				"item": "1",
				"completed": "41",
				"tmp_completed": "0",
				"value": "2"
			},
			"146": {
				"id": "146",
				"course_id": "0",
				"item": "2",
				"completed": "41",
				"tmp_completed": "0",
				"value": "1"
			},
			"147": {
				"id": "147",
				"course_id": "0",
				"item": "3",
				"completed": "41",
				"tmp_completed": "0",
				"value": "answer that is long and goes over multiple lines. "
			},
			"148": {
				"id": "148",
				"course_id": "0",
				"item": "4",
				"completed": "41",
				"tmp_completed": "0",
				"value": "5"
			},
			"149": {
				"id": "149",
				"course_id": "0",
				"item": "5",
				"completed": "41",
				"tmp_completed": "0",
				"value": "short"
			},
			"150": {
				"id": "150",
				"course_id": "0",
				"item": "7",
				"completed": "41",
				"tmp_completed": "0",
				"value": "demo"
			}
		}
	},
	"attempt_ext_key": "http:\/\/lrs.learninglocker.net\/define\/extensions\/moodle_feedback_attempt",
	"attempt_name": "Attempt 41",
	"attempt_score_raw": 4,
	"attempt_score_min": 0,
	"attempt_score_max": 5,
	"attempt_score_scaled": 0.8,
	"attempt_success": null,
	"attempt_completed": true,
	"attempt_duration": null
}]