[
    {
        "user_id": "2",
        "user_url": "http:\/\/localhost\/moodle",
        "user_name": "Test User",
        "context_lang": "",
        "context_platform": "Moodle",
        "context_ext": {
            "eventname": "\\mod_quiz\\event\\attempt_reviewed",
            "component": "mod_quiz",
            "action": "reviewed",
            "target": "attempt",
            "objecttable": "quiz_attempts",
            "objectid": "75",
            "crud": "r",
            "edulevel": 1,
            "contextid": 65,
            "contextlevel": 70,
            "contextinstanceid": "23",
            "userid": "2",
            "courseid": "2",
            "relateduserid": "2",
            "anonymous": 0,
            "other": "a:1:{s:6:\"quizid\";s:1:\"1\";}",
            "timecreated": 1452867244,
            "origin": "web",
            "ip": "0:0:0:0:0:0:0:1",
            "realuserid": null
        },
        "context_ext_key": "http:\/\/lrs.learninglocker.net\/define\/extensions\/moodle_logstore_standard_log",
        "context_info": {
            "https:\/\/moodle.org\/": "3.0+ (Build: 20151126)",
            "https:\/\/github.com\/LearningLocker\/Moodle-Log-Expander": "0.4.2",
            "https:\/\/github.com\/LearningLocker\/Moodle-xAPI-Translator": "0.4.1"
        },
        "time": "2016-01-15T15:14:04+01:00",
        "app_url": "http:\/\/localhost\/moodle",
        "app_name": "test",
        "app_description": "foobar",
        "app_type": "http:\/\/id.tincanapi.com\/activitytype\/site",
        "app_ext": {
            "id": "1",
            "category": "0",
            "sortorder": "1",
            "fullname": "test",
            "shortname": "test",
            "idnumber": "",
            "summary": "<p>foobar<\/p>",
            "summaryformat": "0",
            "format": "site",
            "showgrades": "1",
            "newsitems": "3",
            "startdate": "0",
            "marker": "0",
            "maxbytes": "0",
            "legacyfiles": "0",
            "showreports": "0",
            "visible": "1",
            "visibleold": "1",
            "groupmode": "0",
            "groupmodeforce": "0",
            "defaultgroupingid": "0",
            "lang": "",
            "calendartype": "",
            "theme": "",
            "timecreated": "1419861072",
            "timemodified": "1445596690",
            "requested": "0",
            "enablecompletion": "0",
            "completionnotify": "0",
            "cacherev": "1452773589",
            "type": "site",
            "url": "http:\/\/localhost\/moodle"
        },
        "app_ext_key": "http:\/\/lrs.learninglocker.net\/define\/extensions\/moodle_course",
        "source_url": "http:\/\/moodle.org",
        "source_name": "Moodle",
        "source_description": "Moodle is a open source learning platform designed to provide educators, administrators and learners with a single robust, secure and integrated system to create personalised learning environments.",
        "source_type": "http:\/\/id.tincanapi.com\/activitytype\/source",
        "recipe": "attempt_question_completed",
        "course_url": "http:\/\/localhost\/moodle\/course\/view.php?id=2",
        "course_name": "Demo Moodle Course",
        "course_description": "A Moodle course",
        "course_type": "http:\/\/lrs.learninglocker.net\/define\/type\/moodle\/course",
        "course_ext": {
            "id": "2",
            "category": "1",
            "sortorder": "10001",
            "fullname": "Demo Moodle Course",
            "shortname": "demo",
            "idnumber": "",
            "summary": "",
            "summaryformat": "1",
            "format": "topics",
            "showgrades": "1",
            "newsitems": "5",
            "startdate": "1419894000",
            "marker": "0",
            "maxbytes": "0",
            "legacyfiles": "0",
            "showreports": "0",
            "visible": "1",
            "visibleold": "1",
            "groupmode": "0",
            "groupmodeforce": "0",
            "defaultgroupingid": "0",
            "lang": "",
            "calendartype": "",
            "theme": "",
            "timecreated": "1419863662",
            "timemodified": "1426169572",
            "requested": "0",
            "enablecompletion": "1",
            "completionnotify": "0",
            "cacherev": "1452773589",
            "type": "course",
            "url": "http:\/\/localhost\/moodle\/course\/view.php?id=2"
        },
        "course_ext_key": "http:\/\/lrs.learninglocker.net\/define\/extensions\/moodle_course",
        "module_url": "http:\/\/localhost\/moodle\/mod\/quiz\/view.php?id=23",
        "module_name": "My Test Quiz 1",
        "module_description": "A module",
        "module_type": "http:\/\/lrs.learninglocker.net\/define\/type\/moodle\/quiz",
        "module_ext": {
            "id": "1",
            "course": "2",
            "name": "test quiz",
            "intro": "",
            "introformat": "1",
            "timeopen": "0",
            "timeclose": "0",
            "timelimit": "0",
            "overduehandling": "autosubmit",
            "graceperiod": "0",
            "preferredbehaviour": "deferredfeedback",
            "canredoquestions": "0",
            "attempts": "0",
            "attemptonlast": "0",
            "grademethod": "1",
            "decimalpoints": "2",
            "questiondecimalpoints": "-1",
            "reviewattempt": "69904",
            "reviewcorrectness": "4368",
            "reviewmarks": "4368",
            "reviewspecificfeedback": "4368",
            "reviewgeneralfeedback": "4368",
            "reviewrightanswer": "4368",
            "reviewoverallfeedback": "4368",
            "questionsperpage": "1",
            "navmethod": "free",
            "shuffleanswers": "1",
            "sumgrades": "1.00000",
            "grade": "5.00000",
            "timecreated": "0",
            "timemodified": "1452599388",
            "password": "",
            "subnet": "",
            "browsersecurity": "-",
            "delay1": "0",
            "delay2": "0",
            "showuserpicture": "0",
            "showblocks": "0",
            "completionattemptsexhausted": "0",
            "completionpass": "0",
            "type": "quiz",
            "url": "http:\/\/localhost\/moodle\/mod\/quiz\/view.php?id=23"
        },
        "module_ext_key": "http:\/\/lrs.learninglocker.net\/define\/extensions\/moodle_module",
        "attempt_url": "http:\/\/localhost\/moodle\/mod\/quiz\/attempt.php?attempt=75",
        "attempt_type": "http:\/\/lrs.learninglocker.net\/define\/type\/moodle\/quiz_attempts",
        "attempt_ext": {
            "id": "119",
            "questionusageid": "75",
            "slot": "1",
            "behaviour": "deferredfeedback",
            "questionid": "4",
            "variant": "1",
            "maxmark": "1.0000000",
            "minfraction": "0.0000000",
            "maxfraction": "1.0000000",
            "flagged": "0",
            "questionsummary": "fsdf: option 3 (incorrect); option 2; option 1",
            "rightanswer": "option 2; option 1",
            "responsesummary": "option 3 (incorrect); option 2",
            "timemodified": "1452867244",
            "steps": {
                "349": {
                    "id": "349",
                    "questionattemptid": "119",
                    "sequencenumber": "0",
                    "state": "todo",
                    "fraction": null,
                    "timecreated": "1452867228",
                    "userid": "2",
                    "data": {
                        "375": {
                            "id": "375",
                            "attemptstepid": "349",
                            "name": "_order",
                            "value": "10,9,8"
                        }
                    }
                },
                "350": {
                    "id": "350",
                    "questionattemptid": "119",
                    "sequencenumber": "1",
                    "state": "complete",
                    "fraction": null,
                    "timecreated": "1452867232",
                    "userid": "2",
                    "data": {
                        "376": {
                            "id": "376",
                            "attemptstepid": "350",
                            "name": "choice0",
                            "value": "1"
                        },
                        "377": {
                            "id": "377",
                            "attemptstepid": "350",
                            "name": "choice1",
                            "value": "1"
                        },
                        "378": {
                            "id": "378",
                            "attemptstepid": "350",
                            "name": "choice2",
                            "value": "0"
                        }
                    }
                },
                "351": {
                    "id": "351",
                    "questionattemptid": "119",
                    "sequencenumber": "2",
                    "state": "gradedpartial",
                    "fraction": "0.5000000",
                    "timecreated": "1452867244",
                    "userid": "2",
                    "data": {
                        "379": {
                            "id": "379",
                            "attemptstepid": "351",
                            "name": "-finish",
                            "value": "1"
                        }
                    }
                }
            }
        },
        "attempt_ext_key": "http:\/\/lrs.learninglocker.net\/define\/extensions\/moodle_question_attempt",
        "attempt_name": "Attempt 75",
        "question_ext": {
            "id": "4",
            "category": "2",
            "parent": "0",
            "name": "dsfds",
            "questiontext": "<p>fsdf<\/p>",
            "questiontextformat": "1",
            "generalfeedback": "",
            "generalfeedbackformat": "1",
            "defaultmark": "1.0000000",
            "penalty": "0.3333333",
            "qtype": "multichoice",
            "length": "1",
            "stamp": "localhost+160115120410+26mYtg",
            "version": "localhost+160115120637+wuNoYG",
            "hidden": "0",
            "timecreated": "1452859450",
            "timemodified": "1452859597",
            "createdby": "2",
            "modifiedby": "2",
            "answers": {
                "8": {
                    "id": "8",
                    "question": "4",
                    "answer": "<p>option 1<\/p>",
                    "answerformat": "1",
                    "fraction": "0.5000000",
                    "feedback": "",
                    "feedbackformat": "1"
                },
                "9": {
                    "id": "9",
                    "question": "4",
                    "answer": "<p>option 2<\/p>",
                    "answerformat": "1",
                    "fraction": "0.5000000",
                    "feedback": "",
                    "feedbackformat": "1"
                },
                "10": {
                    "id": "10",
                    "question": "4",
                    "answer": "<p>option 3 (incorrect)<\/p>",
                    "answerformat": "1",
                    "fraction": "0.0000000",
                    "feedback": "",
                    "feedbackformat": "1"
                }
            }
        },
        "question_ext_key": "http:\/\/lrs.learninglocker.net\/define\/extensions\/moodle_question",
        "question_name": "test question",
        "question_description": "What is the answer to this question?",
        "question_url": "http:\/\/localhost\/moodle\/question\/question.php?id=23",
        "attempt_score_scaled": "0.5000000",
        "attempt_score_raw": 0.5,
        "attempt_score_min": 0,
        "attempt_score_max": "1.0000000",
        "attempt_completed": true,
        "attempt_success": false,
        "attempt_response": "moodle_quiz_question_answer_9[,]moodle_quiz_question_answer_10",
        "interaction_type": "choice",
        "interaction_choices": {
            "moodle_quiz_question_answer_8": "option 1",
            "moodle_quiz_question_answer_9": "option 2",
            "moodle_quiz_question_answer_10": "option 3 (incorrect)"
        },
        "interaction_correct_responses": ["moodle_quiz_question_answer_8[,]moodle_quiz_question_answer_9"]
    }
]
