[
    {
        "user_id":"2",
        "user_url":"http:\/\/localhost\/moodle",
        "user_name":"Test User",
        "context_lang":"",
        "context_platform":"Moodle",
        "context_ext":{
            "eventname":"\\mod_scorm\\event\\sco_launched",
            "component":"mod_scorm",
            "action":"launched",
            "target":"sco",
            "objecttable":"scorm_scoes",
            "objectid":"2",
            "crud":"r",
            "edulevel":2,
            "contextid":55,
            "contextlevel":70,
            "contextinstanceid":"2",
            "userid":"2",
            "courseid":"2",
            "relateduserid":null,
            "anonymous":0,
            "other":"a:2:{s:10:\"instanceid\";s:1:\"1\";s:13:\"loadedcontent\";s:84:\"http:\/\/localhost\/moodle\/pluginfile.php\/55\/mod_scorm\/content\/1\/shared\/launchpage.html\";}",
            "timecreated":1439301019,
            "origin":"web",
            "ip":"0:0:0:0:0:0:0:1",
            "realuserid":null
        },
        "context_ext_key":"http:\/\/lrs.learninglocker.net\/define\/extensions\/moodle_logstore_standard_log",
        "context_info":{
            "https:\/\/moodle.org\/":"2.9+ (Build: 20150625)",
            "https:\/\/github.com\/LearningLocker\/Moodle-Log-Expander":"0.3.3",
            "https:\/\/github.com\/LearningLocker\/Moodle-xAPI-Translator":"0.3.0"
        },
        "time":"2015-08-11T14:50:19+01:00",
        "source_url": "http:\/\/moodle.org",
        "source_name": "Moodle",
        "source_description": "Moodle is a open source learning platform designed to provide educators, administrators and learners with a single robust, secure and integrated system to create personalised learning environments.",
        "source_type":"http:\/\/id.tincanapi.com\/activitytype\/source",
        "app_url": "http:\/\/localhost\/moodle",
        "app_name": "My Test Site",
        "app_description": "A test site.",
        "app_type":"http:\/\/id.tincanapi.com\/activitytype\/site",
        "app_ext":{
            "id":"1",
            "category":"0",
            "sortorder":"1",
            "fullname":"Test Site",
            "shortname":"test",
            "idnumber":"",
            "summary":"",
            "summaryformat":"0",
            "format":"site",
            "showgrades":"1",
            "newsitems":"3",
            "startdate":"0",
            "marker":"0",
            "maxbytes":"0",
            "legacyfiles":"0",
            "showreports":"0",
            "visible":"1",
            "visibleold":"1",
            "groupmode":"0",
            "groupmodeforce":"0",
            "defaultgroupingid":"0",
            "lang":"",
            "calendartype":"",
            "theme":"",
            "timecreated":"1435758099",
            "timemodified":"1435758245",
            "requested":"0",
            "enablecompletion":"0",
            "completionnotify":"0",
            "cacherev":"1439288447",
            "type":"course",
            "url":"http:\/\/localhost\/moodle\/course.php?id=1"
        },
        "app_ext_key":"http:\/\/lrs.learninglocker.net\/define\/extensions\/moodle_course",
        "recipe":"scorm_launched",
        "course_url":"http:\/\/localhost\/moodle\/course.php?id=2",
        "course_name":"Test Course",
        "course_description":"A Moodle course",
        "course_type":"http:\/\/lrs.learninglocker.net\/define\/type\/moodle\/course",
        "course_ext":{
            "id":"2",
            "category":"1",
            "sortorder":"10001",
            "fullname":"Test Course",
            "shortname":"course",
            "idnumber":"ben@ht2.co.uk",
            "summary":"",
            "summaryformat":"1",
            "format":"weeks",
            "showgrades":"1",
            "newsitems":"5",
            "startdate":"1435791600",
            "marker":"0",
            "maxbytes":"0",
            "legacyfiles":"0",
            "showreports":"0",
            "visible":"1",
            "visibleold":"1",
            "groupmode":"0",
            "groupmodeforce":"0",
            "defaultgroupingid":"0",
            "lang":"",
            "calendartype":"",
            "theme":"",
            "timecreated":"1435760912",
            "timemodified":"1435760912",
            "requested":"0",
            "enablecompletion":"0",
            "completionnotify":"0",
            "cacherev":"1439288752",
            "type":"course",
            "url":"http:\/\/localhost\/moodle\/course.php?id=2"
        },
        "course_ext_key":"http:\/\/lrs.learninglocker.net\/define\/extensions\/moodle_course",
        "module_url":"http:\/\/localhost\/moodle\/mod\/scorm\/view.php?id=2",
        "module_name":"My Test SCORM Package",
        "module_description":"<p>Test description<\/p>",
        "module_type":"http:\/\/lrs.learninglocker.net\/define\/type\/moodle\/scorm",
        "module_ext":{
            "id":"1",
            "course":"2",
            "name":"My Test SCORM Package",
            "scormtype":"local",
            "reference":"ContentPackagingSingleSCO_SCORM20043rdEdition.zip",
            "intro":"<p>Test description<\/p>",
            "introformat":"1",
            "version":"SCORM_1.3",
            "maxgrade":"100",
            "grademethod":"1",
            "whatgrade":"0",
            "maxattempt":"0",
            "forcecompleted":"0",
            "forcenewattempt":"0",
            "lastattemptlock":"0",
            "displayattemptstatus":"1",
            "displaycoursestructure":"0",
            "updatefreq":"0",
            "sha1hash":"e901de974333712059e2b27d6be4e572d68355a0",
            "md5hash":"",
            "revision":"1",
            "launch":"2",
            "skipview":"0",
            "hidebrowse":"0",
            "hidetoc":"0",
            "nav":"1",
            "navpositionleft":"-100",
            "navpositiontop":"-100",
            "auto":"0",
            "popup":"0",
            "options":"",
            "width":"100",
            "height":"500",
            "timeopen":"0",
            "timeclose":"0",
            "timemodified":"0",
            "completionstatusrequired":null,
            "completionscorerequired":null,
            "displayactivityname":"1",
            "autocommit":"0",
            "type":"scorm",
            "url":"http:\/\/localhost\/moodle\/mod\/scorm\/view.php?id=2"
        },
        "module_ext_key":"http:\/\/lrs.learninglocker.net\/define\/extensions\/moodle_module"
    }
]