[
    {
        "user_id": "2",
        "user_url": "http:\/\/localhost\/moodle",
        "user_name": "Test User",
        "context_lang": null,
        "context_platform": "Moodle",
        "context_info": {
            "https://moodle.org/": "1.0.0",
            "https://github.com/LearningLocker/Moodle-Log-Expander": "1.0.0",
            "https://github.com/LearningLocker/Moodle-xAPI-Translator": "1.0.0"
        },
        "context_ext": {
            "eventname": "\\core\\event\\user_created",
            "component": "core",
            "action": "created",
            "target": "user",
            "objecttable": "user",
            "objectid": "2",
            "crud": "c",
            "edulevel": 0,
            "contextid": 1,
            "contextlevel": 10,
            "contextinstanceid": "0",
            "userid": "2",
            "courseid": 0,
            "relateduserid": null,
            "anonymous": 0,
            "other": "a:1:{s:8:\"username\";s:13:\"testuser\";}",
            "timecreated": 1434625073,
            "origin": "web",
            "ip": "127.0.0.1",
            "realuserid": null
        },
        "context_ext_key": "http:\/\/lrs.learninglocker.net\/define\/extensions\/moodle_logstore_standard_log",
        "time": "2015-06-18T11:57:53+01:00",
        "recipe": "user_registered",
        "source_url": "http:\/\/moodle.org",
        "source_name": "Moodle",
        "source_description": "Moodle is a open source learning platform designed to provide educators, administrators and learners with a single robust, secure and integrated system to create personalised learning environments.",
        "source_type":"http:\/\/id.tincanapi.com\/activitytype\/source",
        "app_url": "http:\/\/localhost\/moodle",
        "app_name": "My Test Site",
        "app_description": "A test site.",
        "app_type":"http:\/\/id.tincanapi.com\/activitytype\/site",
        "app_ext": {
            "id": "1",
            "category": "0",
            "sortorder": "10002",
            "fullname": "My Test Site",
            "shortname": "MTC1",
            "idnumber": "MTC1",
            "summary": "<p>A test site.<\/p>",
            "summaryformat": "1",
            "format": "weeks",
            "showgrades": "1",
            "newsitems": "5",
            "startdate": "1433890800",
            "marker": "0",
            "maxbytes": "0",
            "legacyfiles": "0",
            "showreports": "0",
            "visible": "1",
            "visibleold": "1",
            "groupmode": "0",
            "groupmodeforce": "0",
            "defaultgroupingid": "0",
            "lang": "",
            "calendartype": "",
            "theme": "",
            "timecreated": "1433844784",
            "timemodified": "1433844784",
            "requested": "0",
            "enablecompletion": "0",
            "completionnotify": "0",
            "cacherev": "1434624170",
            "url": "http:\/\/localhost\/moodle\/course.php?id=1",
            "type": "mod_course"
        },
        "app_ext_key": "http:\/\/lrs.learninglocker.net\/define\/extensions\/moodle_course"
    }
]
